State,District,Village,Voltage,Current,Power,Time,MeterDiff,Label
Maharashtra,Nanded,Bhokar,252.6,24.43,5158,4.0,9.11,1
Maharashtra,Aurangabad,Kannad,189.2,24.08,2573,1.0,0.61,1
Maharashtra,Kolhapur,Gadhinglaj,205.1,21.59,2856,2.3,1.36,1
Maharashtra,Thane,Bhiwandi,227.7,18.25,3623,11.3,2.78,1
Maharashtra,Kolhapur,Karvir,224.1,7.26,1448,19.9,30.2,0
Maharashtra,Kolhapur,Gadhinglaj,231.5,15.23,4102,1.3,1.67,1
Maharashtra,Nagpur,Katol,224.6,17.41,4756,1.1,2.12,1
Maharashtra,Kolhapur,Kagal,239.2,32.36,6193,3.2,10.81,1
Maharashtra,Kolhapur,Gadhinglaj,217.8,17.87,3715,0.8,1.02,1
Maharashtra,Jalgaon,Pachora,219.8,9.39,1793,15.4,26.25,0
Maharashtra,Solapur,Mohol,221.4,24.65,4790,8.5,3.1,1
Maharashtra,Kolhapur,Gadhinglaj,218.3,6.27,1186,18.0,19.33,0
Maharashtra,Nanded,Bhokar,243.9,30.1,6950,4.9,19.68,1
Maharashtra,Jalgaon,Erandol,190.0,19.23,2446,2.7,1.21,1
Maharashtra,Thane,Shahapur,223.2,16.46,3261,11.1,5.16,1
Maharashtra,Aurangabad,Kannad,180.8,18.54,2237,2.4,1.33,1
Maharashtra,Aurangabad,Kannad,220.7,3.41,715,18.4,12.45,0
Maharashtra,Pune,Indapur,194.0,24.24,2818,2.4,1.07,1
Maharashtra,Jalgaon,Erandol,226.3,15.42,5235,0.8,1.68,1
Maharashtra,Amravati,Achalpur,231.1,8.06,1768,13.1,21.79,0
Maharashtra,Kolhapur,Gadhinglaj,256.9,26.34,5051,2.4,5.77,1
Maharashtra,Nanded,Ardhapur,227.2,7.6,1623,8.5,13.17,0
Maharashtra,Aurangabad,Vaijapur,226.8,7.7,1556,11.8,16.95,0
Maharashtra,Solapur,Pandharpur,192.0,29.55,3145,2.5,2.12,1
Maharashtra,Amravati,Morshi,226.1,3.72,807,21.6,16.68,0
Maharashtra,Thane,Bhiwandi,215.5,4.3,850,22.6,17.74,0
Maharashtra,Amravati,Achalpur,231.4,5.8,1154,18.1,19.02,0
Maharashtra,Solapur,Pandharpur,252.7,31.43,6994,5.5,16.57,1
Maharashtra,Solapur,Pandharpur,196.2,18.45,2286,2.7,1.25,1
Maharashtra,Nanded,Kinwat,216.1,13.49,4075,0.6,0.68,1
Maharashtra,Jalgaon,Muktainagar,218.4,5.67,1075,12.8,13.74,0
Maharashtra,Aurangabad,Gangapur,235.0,8.97,1821,14.1,24.95,0
Maharashtra,Amravati,Morshi,240.5,28.61,5731,5.0,16.79,1
Maharashtra,Aurangabad,Gangapur,218.0,8.36,1762,20.9,39.05,0
Maharashtra,Jalgaon,Amalner,222.0,8.92,1842,21.0,40.28,0
Maharashtra,Solapur,Mohol,221.6,6.91,1379,12.0,17.71,0
Maharashtra,Thane,Kalyan,200.2,29.97,4165,4.0,3.58,1
Maharashtra,Pune,Shirur,247.6,29.94,8392,5.2,22.81,1
Maharashtra,Thane,Kalyan,228.0,20.93,4621,8.8,3.89,1
Maharashtra,Kolhapur,Radhanagari,223.0,5.07,980,14.7,15.67,0
Maharashtra,Aurangabad,Paithan,225.0,7.89,1608,23.0,34.61,0
Maharashtra,Solapur,Mohol,229.9,9.66,2087,11.1,24.27,0
Maharashtra,Aurangabad,Soegaon,217.9,6.24,1166,14.6,16.74,0
Maharashtra,Amravati,Dhamangaon,235.9,26.0,7053,4.9,20.29,1
Maharashtra,Kolhapur,Panhala,230.4,8.36,1882,18.3,33.89,0
Maharashtra,Jalgaon,Pachora,226.7,4.7,998,16.5,16.92,0
Maharashtra,Solapur,Malshiras,196.0,20.84,2404,1.0,0.7,1
Maharashtra,Kolhapur,Radhanagari,192.8,21.05,2651,4.6,1.42,1
Maharashtra,Kolhapur,Panhala,222.1,9.36,1841,15.1,25.85,0
Maharashtra,Pune,Mulshi,217.8,18.35,3678,15.8,9.33,1
Maharashtra,Aurangabad,Khultabad,222.9,18.61,4685,1.3,1.47,1
Maharashtra,Jalgaon,Chopda,239.0,27.51,7914,3.0,12.2,1
Maharashtra,Thane,Murbad,225.2,6.5,1253,10.2,12.35,0
Maharashtra,Solapur,Akkalkot,215.1,17.46,3300,16.9,6.44,1
Maharashtra,Kolhapur,Gadhinglaj,228.0,6.07,1269,9.9,11.87,0
Maharashtra,Pune,Shirur,231.2,8.99,1793,18.4,33.26,0
Maharashtra,Jalgaon,Chopda,234.3,17.63,5425,1.6,4.24,1
Maharashtra,Nashik,Igatpuri,231.4,8.64,1804,9.1,17.77,0
Maharashtra,Nashik,Yeola,230.8,5.41,1180,18.1,22.52,0
Maharashtra,Thane,Shahapur,243.4,32.08,8034,2.2,9.69,1
Maharashtra,Nanded,Degloor,224.1,3.4,693,20.9,15.13,0
Maharashtra,Nanded,Biloli,233.8,3.81,870,10.9,10.36,0
Maharashtra,Thane,Ambernath,237.7,26.22,8707,5.3,23.89,1
Maharashtra,Nanded,Degloor,234.3,8.72,1949,10.2,18.89,0
Maharashtra,Jalgaon,Chopda,256.4,26.35,6463,3.1,10.74,1
Maharashtra,Kolhapur,Hatkanangle,243.7,24.81,7376,2.1,7.14,1
Maharashtra,Thane,Kalyan,216.8,18.19,5827,2.0,4.52,1
Maharashtra,Amravati,Dhamangaon,191.2,26.8,2580,2.0,1.12,1
Maharashtra,Nanded,Degloor,227.5,4.92,963,12.6,11.58,0
Maharashtra,Amravati,Anjangaon,234.3,15.04,3333,14.6,5.59,1
Maharashtra,Amravati,Achalpur,228.7,9.47,2063,18.0,38.33,0
Maharashtra,Thane,Ambernath,219.1,7.56,1518,21.8,36.18,0
Maharashtra,Solapur,Akkalkot,232.7,12.07,5705,1.2,1.84,1
Maharashtra,Thane,Murbad,255.0,33.32,6414,5.9,17.26,1
Maharashtra,Nanded,Degloor,230.1,8.61,1897,20.2,39.7,0
Maharashtra,Aurangabad,Soegaon,222.2,4.65,968,15.4,13.89,0
Maharashtra,Jalgaon,Erandol,252.5,27.38,6283,2.6,9.7,1
Maharashtra,Amravati,Morshi,233.6,9.55,1899,17.9,34.42,0
Maharashtra,Solapur,North Solapur,195.5,22.52,3000,3.1,1.59,1
Maharashtra,Aurangabad,Gangapur,231.3,8.12,1674,17.6,30.48,0
Maharashtra,Nanded,Kinwat,244.0,26.79,8839,2.0,7.19,1
Maharashtra,Kolhapur,Panhala,218.5,9.71,1946,8.8,16.27,0
Maharashtra,Nagpur,Hingna,215.8,9.69,1799,22.8,42.3,0
Maharashtra,Pune,Shirur,217.7,6.25,1250,16.9,20.35,0
Maharashtra,Aurangabad,Khultabad,224.3,7.54,1505,13.8,22.36,0
Maharashtra,Nagpur,Parseoni,252.8,31.41,7249,4.3,18.35,1
Maharashtra,Nashik,Yeola,250.7,25.32,5191,4.6,10.15,1
Maharashtra,Amravati,Chandur Bazar,223.1,12.42,5338,1.1,1.73,1
Maharashtra,Kolhapur,Karvir,192.8,20.15,2406,3.4,2.19,1
Maharashtra,Amravati,Achalpur,215.1,6.86,1257,16.5,19.81,0
Maharashtra,Kolhapur,Panhala,227.3,8.49,1844,20.9,39.08,0
Maharashtra,Solapur,Mohol,215.4,7.11,1484,20.4,32.37,0
Maharashtra,Amravati,Morshi,215.1,21.72,4522,18.0,12.24,1
Maharashtra,Jalgaon,Bhusawal,229.4,5.04,983,13.6,13.56,0
Maharashtra,Aurangabad,Khultabad,228.6,21.62,5207,0.6,1.48,1
Maharashtra,Pune,Mulshi,226.7,9.42,1836,24.0,41.4,0
Maharashtra,Nashik,Sinnar,231.3,23.87,5341,15.6,4.17,1
Maharashtra,Aurangabad,Vaijapur,231.2,6.77,1429,15.0,22.43,0
Maharashtra,Thane,Ambernath,221.2,8.65,1663,8.7,15.87,0
Maharashtra,Nagpur,Katol,224.2,13.71,4359,1.8,2.99,1
Maharashtra,Nanded,Hadgaon,234.7,12.39,4468,1.6,3.49,1
Maharashtra,Kolhapur,Radhanagari,220.8,7.86,1586,17.2,25.87,0
Maharashtra,Amravati,Dhamangaon,217.4,19.14,3976,1.8,3.11,1
Maharashtra,Thane,Kalyan,226.7,3.34,671,17.6,12.62,0
Maharashtra,Aurangabad,Kannad,192.4,22.21,2717,3.4,1.99,1
Maharashtra,Solapur,Barshi,224.3,20.71,5837,1.3,1.83,1
Maharashtra,Aurangabad,Gangapur,231.6,21.11,5262,1.5,3.37,1
Maharashtra,Kolhapur,Hatkanangle,249.1,26.35,8026,5.2,21.82,1
Maharashtra,Kolhapur,Hatkanangle,229.6,5.19,1061,12.1,14.0,0
Maharashtra,Pune,Shirur,251.8,33.29,6588,5.4,20.23,1
Maharashtra,Kolhapur,Gadhinglaj,217.3,21.96,4093,19.3,5.84,1
Maharashtra,Thane,Bhiwandi,229.8,23.7,4895,10.6,6.26,1
Maharashtra,Pune,Haveli,204.7,18.5,1973,3.5,1.89,1
Maharashtra,Jalgaon,Pachora,197.9,26.61,3278,1.4,1.22,1
Maharashtra,Pune,Mulshi,228.0,3.09,637,15.8,9.93,0
Maharashtra,Jalgaon,Amalner,219.3,9.0,1716,19.4,36.41,0
Maharashtra,Kolhapur,Radhanagari,217.3,3.15,611,20.8,13.01,0
Maharashtra,Jalgaon,Pachora,217.6,14.93,5278,1.9,4.51,1
Maharashtra,Pune,Shirur,241.0,34.55,5201,2.9,7.97,1
Maharashtra,Nanded,Hadgaon,219.0,6.76,1290,21.7,27.67,0
Maharashtra,Nashik,Sinnar,228.6,21.72,4457,1.5,1.64,1
Maharashtra,Nanded,Bhokar,223.4,9.73,2122,10.3,20.89,0
Maharashtra,Thane,Kalyan,185.3,29.46,3209,3.5,2.67,1
Maharashtra,Nagpur,Katol,222.9,8.56,1706,23.0,41.24,0
Maharashtra,Pune,Baramati,232.1,6.16,1382,15.1,19.15,0
Maharashtra,Thane,Kalyan,203.6,19.91,2467,2.6,1.09,1
Maharashtra,Solapur,Akkalkot,232.8,20.9,4678,9.6,5.62,1
Maharashtra,Nagpur,Katol,220.0,4.69,949,20.7,20.58,0
Maharashtra,Nagpur,Hingna,232.6,13.35,3908,0.9,1.15,1
Maharashtra,Thane,Bhiwandi,234.1,20.18,4705,1.4,3.17,1
Maharashtra,Nanded,Hadgaon,182.8,25.91,3223,3.2,1.03,1
Maharashtra,Thane,Murbad,200.0,29.74,3150,2.8,2.6,1
Maharashtra,Kolhapur,Kagal,221.2,9.29,1980,18.1,36.53,0
Maharashtra,Solapur,Malshiras,230.5,20.81,3711,1.3,1.53,1
Maharashtra,Kolhapur,Kagal,231.0,18.78,3953,1.1,1.34,1
Maharashtra,Aurangabad,Paithan,217.2,6.04,1239,13.0,16.45,0
Maharashtra,Nashik,Dindori,223.2,4.57,979,9.8,10.45,0
Maharashtra,Amravati,Anjangaon,227.3,9.34,1810,11.5,19.36,0
Maharashtra,Thane,Bhiwandi,233.1,9.02,1807,11.8,22.04,0
Maharashtra,Kolhapur,Hatkanangle,221.6,6.26,1190,21.3,24.79,0
Maharashtra,Solapur,Pandharpur,228.7,8.97,1879,12.0,24.39,0
Maharashtra,Jalgaon,Pachora,233.0,5.36,1212,8.7,11.31,0
Maharashtra,Pune,Haveli,201.2,25.61,2664,3.8,2.48,1
Maharashtra,Nashik,Igatpuri,223.4,8.86,1923,8.6,17.65,0
Maharashtra,Jalgaon,Muktainagar,202.8,25.93,3176,3.0,1.84,1
Maharashtra,Thane,Bhiwandi,230.9,18.11,3818,19.9,8.61,1
Maharashtra,Jalgaon,Bhusawal,204.1,23.11,3124,4.9,3.61,1
Maharashtra,Nashik,Sinnar,225.4,5.13,1007,23.0,21.89,0
Maharashtra,Jalgaon,Muktainagar,245.5,31.21,8593,2.9,10.52,1
Maharashtra,Jalgaon,Muktainagar,229.4,5.07,1018,11.7,12.08,0
Maharashtra,Thane,Kalyan,246.1,21.9,7107,2.7,7.81,1
Maharashtra,Nanded,Bhokar,226.7,8.69,1734,20.4,37.42,0
Maharashtra,Aurangabad,Soegaon,224.4,19.38,3984,15.1,9.19,1
Maharashtra,Solapur,Barshi,224.1,4.64,1011,10.2,10.87,0
Maharashtra,Solapur,Pandharpur,233.2,21.97,5848,2.0,4.44,1
Maharashtra,Thane,Kalyan,224.0,8.59,1644,8.3,12.99,0
Maharashtra,Nashik,Dindori,234.0,9.16,2076,18.0,36.82,0
Maharashtra,Nashik,Nandgaon,187.7,18.72,1898,3.8,1.11,1
Maharashtra,Nagpur,Parseoni,226.4,5.84,1267,12.9,15.4,0
Maharashtra,Nashik,Sinnar,247.3,25.77,6828,4.9,17.98,1
Maharashtra,Nashik,Trimbakeshwar,258.7,23.25,7426,3.9,14.37,1
Maharashtra,Jalgaon,Amalner,232.0,20.53,3656,1.9,3.41,1
Maharashtra,Solapur,Pandharpur,232.6,16.37,4125,1.6,2.6,1
Maharashtra,Kolhapur,Panhala,237.0,29.38,7066,5.2,19.2,1
Maharashtra,Aurangabad,Khultabad,198.0,22.34,2637,2.7,1.08,1
Maharashtra,Solapur,Malshiras,199.7,24.47,2822,3.1,1.75,1
Maharashtra,Pune,Mulshi,234.9,9.54,1925,22.9,39.95,0
Maharashtra,Nashik,Dindori,220.3,15.99,4586,1.5,2.95,1
Maharashtra,Solapur,Mohol,225.7,8.81,1703,14.0,24.34,0
Maharashtra,Amravati,Achalpur,234.4,9.59,2107,20.6,41.83,0
Maharashtra,Jalgaon,Pachora,225.0,5.41,1039,9.7,9.91,0
Maharashtra,Jalgaon,Muktainagar,225.5,5.94,1211,10.4,12.82,0
Maharashtra,Amravati,Dhamangaon,221.1,5.82,1139,16.6,18.67,0
Maharashtra,Thane,Kalyan,230.7,13.38,4572,1.9,4.08,1
Maharashtra,Pune,Baramati,223.8,9.39,1897,15.8,30.07,0
Maharashtra,Nanded,Degloor,222.0,3.68,771,15.2,10.7,0
Maharashtra,Thane,Kalyan,231.3,9.54,2082,11.0,21.34,0
Maharashtra,Kolhapur,Kagal,224.0,6.85,1469,18.0,27.03,0
Maharashtra,Solapur,Mohol,230.2,14.9,4008,1.3,2.55,1
Maharashtra,Nagpur,Parseoni,233.7,21.02,4875,2.0,4.42,1
Maharashtra,Nashik,Nandgaon,233.2,7.53,1630,8.1,12.55,0
Maharashtra,Nagpur,Kamptee,186.1,23.82,2304,3.3,2.03,1
Maharashtra,Thane,Ulhasnagar,215.7,4.57,875,20.5,18.17,0
Maharashtra,Nagpur,Hingna,257.4,34.33,6073,4.9,14.12,1
Maharashtra,Nanded,Hadgaon,224.2,17.67,5746,1.0,2.51,1
Maharashtra,Aurangabad,Soegaon,215.2,8.63,1796,18.8,31.46,0
Maharashtra,Nagpur,Ramtek,221.1,4.77,918,14.8,13.25,0
Maharashtra,Thane,Murbad,218.5,4.12,831,23.3,18.32,0
Maharashtra,Nashik,Sinnar,247.6,25.71,8910,4.7,17.86,1
Maharashtra,Jalgaon,Chopda,221.4,16.93,3321,11.8,4.55,1
Maharashtra,Amravati,Anjangaon,209.9,29.13,3107,2.4,1.8,1
Maharashtra,Jalgaon,Bhusawal,192.5,18.53,2491,3.9,1.95,1
Maharashtra,Amravati,Chandur Bazar,232.9,17.5,3667,8.2,5.9,1
Maharashtra,Jalgaon,Bhusawal,221.7,7.08,1363,13.6,20.27,0
Maharashtra,Pune,Indapur,219.5,5.23,991,19.4,18.59,0
Maharashtra,Kolhapur,Gadhinglaj,223.0,7.48,1534,10.4,14.62,0
Maharashtra,Amravati,Achalpur,227.7,7.92,1552,21.5,34.34,0
Maharashtra,Solapur,Malshiras,233.9,9.89,2105,12.5,25.69,0
Maharashtra,Pune,Indapur,222.1,15.95,4965,1.3,2.72,1
Maharashtra,Nashik,Yeola,222.6,4.48,890,20.2,17.54,0
Maharashtra,Pune,Baramati,218.8,6.75,1282,10.9,13.87,0
Maharashtra,Kolhapur,Panhala,193.8,27.62,3156,4.4,2.63,1
Maharashtra,Aurangabad,Paithan,252.3,21.67,6800,2.1,6.31,1
Maharashtra,Aurangabad,Paithan,246.7,34.06,5160,5.7,15.28,1
Maharashtra,Solapur,Mohol,191.5,23.58,2295,2.5,1.32,1
Maharashtra,Thane,Shahapur,230.9,23.2,4680,15.9,6.67,1
Maharashtra,Nagpur,Hingna,227.5,7.1,1523,14.1,21.89,0
Maharashtra,Thane,Bhiwandi,195.7,27.95,3774,4.7,2.67,1
Maharashtra,Aurangabad,Soegaon,234.3,7.5,1590,14.0,21.59,0
Maharashtra,Amravati,Achalpur,217.9,21.28,4637,1.1,1.23,1
Maharashtra,Kolhapur,Panhala,218.0,7.81,1645,21.8,38.63,0
Maharashtra,Nashik,Dindori,229.9,8.83,1964,20.4,37.9,0
Maharashtra,Aurangabad,Kannad,208.1,27.08,3153,4.4,1.83,1
Maharashtra,Jalgaon,Bhusawal,216.7,23.57,4666,19.9,12.88,1
Maharashtra,Nashik,Yeola,205.3,29.42,3088,4.1,1.45,1
Maharashtra,Pune,Maval,234.8,7.55,1514,14.5,21.41,0
Maharashtra,Solapur,Akkalkot,215.4,18.78,3819,11.0,2.35,1
Maharashtra,Jalgaon,Pachora,215.6,9.22,1831,18.3,32.18,0
Maharashtra,Pune,Maval,197.8,21.28,2581,3.1,1.48,1
Maharashtra,Nashik,Yeola,234.2,15.03,5364,1.7,3.57,1
Maharashtra,Thane,Bhiwandi,217.0,3.24,652,19.3,11.45,0
Maharashtra,Nanded,Kinwat,224.9,13.8,5024,1.6,3.97,1
Maharashtra,Amravati,Chandur Bazar,195.8,23.06,2543,1.3,0.92,1
Maharashtra,Kolhapur,Kagal,230.0,9.48,1920,10.6,21.57,0
Maharashtra,Nanded,Kinwat,257.1,22.46,6723,3.2,10.28,1
Maharashtra,Nanded,Bhokar,229.3,7.91,1641,15.2,23.84,0
Maharashtra,Jalgaon,Erandol,228.8,16.74,3662,9.2,5.01,1
Maharashtra,Jalgaon,Bhusawal,221.0,7.22,1501,15.7,22.05,0
Maharashtra,Jalgaon,Amalner,217.0,18.75,4340,1.3,2.42,1
Maharashtra,Pune,Shirur,183.1,22.95,2569,1.0,0.3,1
Maharashtra,Nashik,Sinnar,222.1,3.65,752,13.2,9.7,0
Maharashtra,Jalgaon,Bhusawal,223.9,14.05,4861,1.7,3.27,1
Maharashtra,Kolhapur,Radhanagari,222.7,6.4,1324,8.6,10.87,0
Maharashtra,Nanded,Degloor,188.7,18.81,1844,3.9,1.42,1
Maharashtra,Aurangabad,Khultabad,228.9,8.11,1767,18.6,32.78,0
Maharashtra,Nashik,Sinnar,233.5,8.94,1819,15.8,27.09,0
Maharashtra,Nashik,Sinnar,228.4,5.84,1223,20.0,22.8,0
Maharashtra,Nashik,Dindori,195.3,22.96,2659,3.9,2.72,1
Maharashtra,Aurangabad,Khultabad,224.0,3.4,730,9.2,7.21,0
Maharashtra,Solapur,North Solapur,234.5,9.82,2225,22.7,47.78,0
Maharashtra,Nashik,Igatpuri,229.0,5.38,1072,23.3,24.16,0
Maharashtra,Nanded,Kinwat,232.7,3.26,678,20.3,12.75,0
Maharashtra,Jalgaon,Muktainagar,245.8,30.3,5535,6.0,16.54,1
Maharashtra,Jalgaon,Amalner,224.6,16.04,5319,1.7,2.0,1
Maharashtra,Nashik,Nandgaon,223.8,6.78,1439,20.4,27.24,0
Maharashtra,Nashik,Igatpuri,230.9,7.17,1585,22.7,35.54,0
Maharashtra,Pune,Baramati,217.1,6.15,1189,9.9,11.44,0
Maharashtra,Kolhapur,Kagal,226.3,3.19,674,10.2,6.82,0
Maharashtra,Thane,Bhiwandi,226.8,8.81,1761,19.2,32.47,0
Maharashtra,Thane,Kalyan,227.2,7.47,1532,14.8,21.89,0
Maharashtra,Aurangabad,Kannad,218.4,7.25,1500,9.8,15.64,0
Maharashtra,Pune,Haveli,242.9,34.73,5657,2.2,6.87,1
Maharashtra,Thane,Ambernath,225.4,21.78,4807,11.8,2.93,1
Maharashtra,Aurangabad,Soegaon,224.8,14.62,4359,1.8,2.86,1
Maharashtra,Kolhapur,Panhala,227.8,7.74,1514,17.0,26.31,0
Maharashtra,Amravati,Anjangaon,218.4,8.56,1630,19.5,31.71,0
Maharashtra,Nashik,Yeola,228.2,18.62,4175,1.4,1.41,1
Maharashtra,Nashik,Trimbakeshwar,230.6,12.55,5741,1.0,1.66,1
Maharashtra,Thane,Ulhasnagar,222.3,22.16,4713,8.3,7.63,1
Maharashtra,Nanded,Ardhapur,234.5,5.65,1221,21.3,26.62,0
Maharashtra,Pune,Maval,243.2,26.21,5839,2.8,6.73,1
Maharashtra,Nagpur,Parseoni,232.8,4.1,824,11.3,8.73,0
Maharashtra,Aurangabad,Soegaon,226.8,8.32,1750,23.7,44.23,0
Maharashtra,Aurangabad,Soegaon,230.7,8.43,1799,19.5,35.67,0
Maharashtra,Nanded,Ardhapur,230.8,5.52,1231,16.6,21.0,0
Maharashtra,Solapur,Mohol,242.3,29.58,5307,2.8,7.81,1
Maharashtra,Nagpur,Ramtek,208.0,25.98,2990,3.8,3.19,1
Maharashtra,Thane,Ulhasnagar,232.5,3.23,664,21.8,13.28,0
Maharashtra,Aurangabad,Gangapur,232.1,13.96,5500,1.6,3.01,1
Maharashtra,Pune,Baramati,219.2,8.16,1681,21.8,37.45,0
Maharashtra,Pune,Maval,215.6,5.61,1121,10.8,13.0,0
Maharashtra,Amravati,Dhamangaon,223.8,3.36,665,10.1,6.43,0
Maharashtra,Nashik,Trimbakeshwar,244.5,26.42,8968,3.6,13.28,1
Maharashtra,Thane,Ambernath,223.1,6.17,1293,10.5,13.35,0
Maharashtra,Nagpur,Katol,201.7,19.22,2137,1.9,1.21,1
Maharashtra,Nagpur,Umred,222.6,9.93,2063,16.9,36.15,0
Maharashtra,Nagpur,Katol,220.0,6.06,1209,16.4,18.47,0
Maharashtra,Nanded,Ardhapur,228.1,18.88,4290,1.0,1.06,1
Maharashtra,Nashik,Dindori,218.0,3.88,793,17.0,12.72,0
Maharashtra,Nagpur,Parseoni,190.3,19.01,1914,4.7,1.18,1
Maharashtra,Thane,Murbad,244.7,33.77,8526,2.2,9.94,1
Maharashtra,Aurangabad,Paithan,182.2,24.86,2492,2.8,1.95,1
Maharashtra,Nagpur,Hingna,225.2,3.85,760,10.2,8.2,0
Maharashtra,Nanded,Kinwat,230.4,7.83,1683,23.1,37.85,0
Maharashtra,Nagpur,Hingna,224.0,6.59,1414,9.5,14.54,0
Maharashtra,Thane,Ulhasnagar,223.0,15.05,5569,1.2,2.18,1
Maharashtra,Kolhapur,Radhanagari,234.3,6.01,1199,12.1,14.54,0
Maharashtra,Amravati,Warud,221.2,6.43,1226,11.7,13.54,0
Maharashtra,Kolhapur,Radhanagari,234.5,6.47,1388,22.8,31.77,0
Maharashtra,Aurangabad,Gangapur,230.0,23.23,4933,16.0,6.46,1
Maharashtra,Aurangabad,Vaijapur,245.9,22.47,7947,4.0,18.76,1
Maharashtra,Amravati,Achalpur,225.8,19.31,4054,9.3,4.38,1
Maharashtra,Kolhapur,Hatkanangle,229.7,17.83,5987,1.7,3.08,1
Maharashtra,Pune,Indapur,226.9,7.3,1512,8.5,13.99,0
Maharashtra,Pune,Haveli,231.6,8.11,1682,13.5,24.0,0
Maharashtra,Jalgaon,Erandol,219.0,3.18,607,12.7,7.06,0
Maharashtra,Pune,Indapur,233.9,16.17,3568,13.2,8.85,1
Maharashtra,Kolhapur,Gadhinglaj,234.3,4.66,965,13.0,13.3,0
Maharashtra,Thane,Bhiwandi,222.6,6.17,1316,10.6,13.55,0
Maharashtra,Thane,Ulhasnagar,217.0,7.8,1559,23.6,35.75,0
Maharashtra,Kolhapur,Karvir,250.3,22.81,8721,3.6,15.43,1
Maharashtra,Jalgaon,Muktainagar,227.3,7.53,1566,22.1,34.46,0
Maharashtra,Nagpur,Parseoni,227.2,7.86,1527,22.2,32.76,0
Maharashtra,Jalgaon,Bhusawal,224.3,7.14,1464,20.4,28.05,0
Maharashtra,Amravati,Warud,245.5,34.41,8193,3.2,10.67,1
Maharashtra,Amravati,Anjangaon,217.2,19.2,3870,1.0,1.01,1
Maharashtra,Jalgaon,Erandol,220.4,9.47,1960,12.5,24.71,0
Maharashtra,Solapur,Barshi,228.4,17.35,3515,8.8,2.44,1
Maharashtra,Amravati,Chandur Bazar,252.5,22.53,6604,3.7,11.05,1
Maharashtra,Nashik,Igatpuri,249.0,28.62,5911,3.0,8.47,1
Maharashtra,Jalgaon,Bhusawal,185.0,29.07,3245,2.6,2.48,1
Maharashtra,Nashik,Trimbakeshwar,224.7,19.88,4312,13.3,3.41,1
Maharashtra,Pune,Maval,206.8,28.2,3653,4.3,3.39,1
Maharashtra,Nagpur,Hingna,196.7,29.38,3026,2.3,1.92,1
Maharashtra,Solapur,North Solapur,226.3,6.94,1373,23.8,35.17,0
Maharashtra,Nagpur,Kamptee,229.6,6.06,1298,15.8,19.76,0
Maharashtra,Pune,Maval,223.5,6.01,1316,10.9,13.75,0
Maharashtra,Kolhapur,Radhanagari,231.3,5.75,1150,17.0,19.91,0
Maharashtra,Jalgaon,Muktainagar,243.3,21.32,5436,6.0,14.1,1
Maharashtra,Amravati,Morshi,233.6,5.9,1243,14.0,17.01,0
Maharashtra,Kolhapur,Radhanagari,231.7,6.29,1381,8.8,13.25,0
Maharashtra,Kolhapur,Karvir,220.3,3.87,766,20.0,14.59,0
Maharashtra,Thane,Bhiwandi,230.1,9.85,2063,19.5,39.62,0
Maharashtra,Jalgaon,Amalner,244.0,32.93,5749,3.1,8.09,1
Maharashtra,Pune,Maval,250.3,33.55,7140,2.0,7.01,1
Maharashtra,Jalgaon,Muktainagar,194.2,20.33,2069,3.7,1.58,1
Maharashtra,Nagpur,Ramtek,222.8,5.52,1060,23.1,24.22,0
Maharashtra,Nagpur,Hingna,234.5,6.1,1369,12.3,16.56,0
Maharashtra,Nagpur,Parseoni,229.2,15.74,5630,1.2,1.63,1
Maharashtra,Pune,Shirur,234.6,8.32,1838,9.6,16.47,0
Maharashtra,Kolhapur,Karvir,240.6,25.13,6571,2.5,8.97,1
Maharashtra,Kolhapur,Hatkanangle,218.0,5.64,1166,15.6,19.46,0
Maharashtra,Nanded,Hadgaon,222.6,18.81,3977,18.9,10.13,1
Maharashtra,Jalgaon,Chopda,239.6,26.36,6676,5.0,15.79,1
Maharashtra,Pune,Haveli,229.8,4.71,940,9.6,9.46,0
Maharashtra,Solapur,Barshi,234.1,3.11,708,23.4,15.3,0
Maharashtra,Aurangabad,Soegaon,223.6,24.09,5118,15.9,10.96,1
Maharashtra,Nanded,Biloli,219.0,21.24,4130,12.1,7.54,1
Maharashtra,Nanded,Hadgaon,192.5,28.99,2920,1.5,0.45,1
Maharashtra,Pune,Shirur,224.6,21.64,4537,9.8,7.73,1
Maharashtra,Nagpur,Parseoni,220.2,9.38,2001,9.1,17.8,0
Maharashtra,Thane,Shahapur,222.7,4.69,974,9.1,9.55,0
Maharashtra,Nagpur,Ramtek,224.6,8.93,1796,16.9,28.01,0
Maharashtra,Amravati,Warud,224.7,5.33,1137,14.0,17.3,0
Maharashtra,Nagpur,Katol,222.9,5.14,1078,11.7,13.0,0
Maharashtra,Thane,Murbad,234.6,9.68,1951,15.4,28.74,0
Maharashtra,Nanded,Bhokar,219.8,19.84,5497,0.9,1.98,1
Maharashtra,Kolhapur,Radhanagari,200.9,25.06,3510,2.5,1.56,1
Maharashtra,Amravati,Warud,227.2,5.65,1096,21.6,22.17,0
Maharashtra,Thane,Ulhasnagar,216.7,16.69,5679,2.0,3.63,1
Maharashtra,Nagpur,Hingna,220.8,3.84,776,14.9,10.7,0
Maharashtra,Aurangabad,Kannad,217.4,7.74,1513,23.7,38.14,0
Maharashtra,Nashik,Nandgaon,191.5,21.77,2398,2.8,0.72,1
Maharashtra,Nagpur,Ramtek,232.2,6.15,1353,21.4,27.66,0
Maharashtra,Thane,Kalyan,234.1,6.35,1351,23.8,31.34,0
Maharashtra,Solapur,Malshiras,232.2,5.66,1171,19.5,24.02,0
Maharashtra,Kolhapur,Hatkanangle,232.4,9.35,1953,18.9,38.11,0
Maharashtra,Nashik,Yeola,215.0,7.6,1569,19.6,28.32,0
Maharashtra,Nanded,Degloor,222.5,7.32,1526,17.9,27.22,0
Maharashtra,Solapur,Malshiras,217.6,9.37,1820,14.6,24.98,0
Maharashtra,Nanded,Bhokar,218.0,9.53,1772,16.7,30.4,0
Maharashtra,Nagpur,Ramtek,205.3,28.3,3068,3.2,1.5,1
Maharashtra,Nanded,Degloor,226.3,8.55,1687,9.3,16.85,0
Maharashtra,Nanded,Degloor,215.0,9.43,1776,10.1,18.72,0
Maharashtra,Pune,Shirur,229.2,6.1,1352,13.2,16.59,0
Maharashtra,Nashik,Trimbakeshwar,228.1,7.52,1472,19.7,30.74,0
Maharashtra,Amravati,Warud,226.0,16.5,4388,0.8,1.34,1
Maharashtra,Pune,Mulshi,226.9,5.69,1195,23.3,29.17,0
Maharashtra,Solapur,North Solapur,215.0,8.42,1711,19.7,33.43,0
Maharashtra,Aurangabad,Vaijapur,231.0,22.29,4994,12.1,4.04,1
Maharashtra,Amravati,Achalpur,216.8,3.6,707,19.9,13.71,0
Maharashtra,Amravati,Warud,219.1,16.39,3305,17.6,10.43,1
Maharashtra,Aurangabad,Soegaon,220.9,9.85,2036,12.4,25.58,0
Maharashtra,Aurangabad,Vaijapur,219.5,6.0,1215,20.3,25.26,0
Maharashtra,Solapur,North Solapur,218.8,3.49,715,20.4,16.0,0
Maharashtra,Nanded,Ardhapur,233.1,13.54,4350,1.2,2.41,1
Maharashtra,Kolhapur,Kagal,221.5,4.93,993,22.0,23.1,0
Maharashtra,Jalgaon,Pachora,215.4,9.16,1825,15.6,30.99,0
Maharashtra,Nagpur,Parseoni,219.3,21.62,5356,1.2,3.09,1
Maharashtra,Jalgaon,Amalner,217.0,23.47,4735,17.3,4.29,1
Maharashtra,Solapur,Malshiras,221.9,3.45,705,22.3,16.83,0
Maharashtra,Nanded,Biloli,225.6,9.39,2029,12.1,26.15,0
Maharashtra,Jalgaon,Pachora,201.2,19.44,2626,1.5,0.91,1
Maharashtra,Solapur,Akkalkot,230.3,7.02,1485,14.4,22.02,0
Maharashtra,Nanded,Hadgaon,215.4,9.11,1679,14.2,23.24,0
Maharashtra,Jalgaon,Amalner,200.7,27.47,3021,3.2,1.56,1
Maharashtra,Jalgaon,Erandol,252.0,30.82,7622,6.0,20.67,1
Maharashtra,Nanded,Ardhapur,227.3,4.64,990,12.6,11.79,0
Maharashtra,Nanded,Kinwat,258.6,26.64,8081,4.9,19.94,1
Maharashtra,Jalgaon,Erandol,229.2,17.69,3935,14.9,3.23,1
Maharashtra,Solapur,Mohol,223.7,3.74,759,14.4,10.01,0
Maharashtra,Thane,Ulhasnagar,220.7,6.07,1233,12.8,17.31,0
Maharashtra,Nanded,Bhokar,225.9,22.5,4683,15.5,14.43,1
Maharashtra,Thane,Shahapur,217.3,4.57,863,12.3,9.86,0
Maharashtra,Pune,Maval,255.9,23.95,7177,2.7,10.28,1
Maharashtra,Nanded,Ardhapur,222.7,7.04,1385,19.3,24.07,0
Maharashtra,Nashik,Yeola,233.7,3.92,881,17.1,14.66,0
Maharashtra,Nanded,Ardhapur,234.8,8.47,1783,16.7,29.68,0
Maharashtra,Nagpur,Ramtek,254.7,33.24,6813,2.1,7.08,1
Maharashtra,Nashik,Sinnar,241.0,31.61,7906,5.9,19.69,1
Maharashtra,Solapur,Mohol,226.8,4.61,919,9.1,8.58,0
Maharashtra,Kolhapur,Kagal,226.0,6.44,1247,8.1,9.27,0
Maharashtra,Amravati,Achalpur,202.8,20.66,2381,4.3,3.0,1
Maharashtra,Solapur,Mohol,234.6,21.7,4551,14.3,10.09,1
Maharashtra,Amravati,Dhamangaon,232.9,20.62,4705,0.9,1.33,1
Maharashtra,Nagpur,Ramtek,183.4,18.65,2359,4.7,3.04,1
Maharashtra,Amravati,Dhamangaon,257.0,31.5,6625,2.1,7.98,1
Maharashtra,Solapur,Mohol,217.0,4.63,864,17.7,15.64,0
Maharashtra,Thane,Ulhasnagar,218.2,7.91,1553,8.6,13.28,0
Maharashtra,Kolhapur,Karvir,217.7,17.0,3343,14.8,9.2,1
Maharashtra,Nanded,Bhokar,191.0,25.81,2502,4.5,1.7,1
Maharashtra,Thane,Shahapur,217.9,16.75,3563,13.3,4.18,1
Maharashtra,Aurangabad,Kannad,227.3,17.75,3564,16.9,8.47,1
Maharashtra,Nanded,Degloor,229.2,5.1,1118,13.9,16.08,0
Maharashtra,Aurangabad,Kannad,215.1,14.36,3794,1.3,1.13,1
Maharashtra,Jalgaon,Muktainagar,226.9,17.31,3352,9.0,5.04,1
Maharashtra,Amravati,Morshi,217.8,18.67,3764,10.8,6.98,1
Maharashtra,Amravati,Dhamangaon,239.0,26.89,7282,4.3,18.64,1
Maharashtra,Pune,Shirur,222.6,17.47,4686,0.7,1.34,1
Maharashtra,Nagpur,Kamptee,226.9,8.64,1844,22.6,37.74,0
Maharashtra,Nanded,Hadgaon,219.0,5.62,1072,23.3,27.09,0
Maharashtra,Jalgaon,Pachora,195.6,23.42,3048,1.2,1.09,1
Maharashtra,Thane,Bhiwandi,229.9,9.45,2100,8.3,18.54,0
Maharashtra,Kolhapur,Hatkanangle,235.4,30.1,7139,4.6,17.2,1
Maharashtra,Kolhapur,Kagal,216.0,5.09,1052,10.8,12.39,0
Maharashtra,Thane,Shahapur,226.8,5.72,1222,11.3,14.51,0
Maharashtra,Aurangabad,Paithan,226.6,9.5,1991,22.5,43.68,0
Maharashtra,Jalgaon,Muktainagar,228.1,6.25,1294,11.4,14.67,0
Maharashtra,Kolhapur,Gadhinglaj,232.0,12.71,3905,0.8,0.92,1
Maharashtra,Aurangabad,Vaijapur,224.7,9.7,1932,12.8,26.91,0
Maharashtra,Amravati,Dhamangaon,220.1,4.3,895,20.7,18.78,0
Maharashtra,Nanded,Hadgaon,226.6,7.03,1446,14.3,21.8,0
Maharashtra,Amravati,Morshi,231.6,3.48,774,20.7,16.58,0
Maharashtra,Jalgaon,Erandol,232.0,8.4,1800,10.9,18.91,0
Maharashtra,Nashik,Sinnar,223.3,8.02,1546,20.3,28.28,0
Maharashtra,Aurangabad,Gangapur,219.9,6.93,1347,17.4,25.3,0
Maharashtra,Nanded,Kinwat,219.6,6.91,1422,13.7,19.08,0
Maharashtra,Pune,Mulshi,217.0,9.1,1726,13.2,22.59,0
Maharashtra,Nashik,Trimbakeshwar,207.7,29.05,4044,2.9,2.81,1
Maharashtra,Thane,Murbad,224.1,19.04,3629,10.1,4.62,1
Maharashtra,Amravati,Dhamangaon,224.6,4.28,834,19.5,17.71,0
Maharashtra,Solapur,Mohol,217.5,15.05,3036,14.4,8.4,1
Maharashtra,Thane,Bhiwandi,224.6,16.45,3257,18.1,10.54,1
Maharashtra,Nashik,Igatpuri,188.5,19.5,2160,1.0,0.25,1
Maharashtra,Jalgaon,Chopda,223.4,18.09,5231,0.9,1.5,1
Maharashtra,Jalgaon,Bhusawal,196.5,24.52,3372,2.9,2.49,1
Maharashtra,Amravati,Morshi,249.1,28.52,6594,4.8,13.04,1
Maharashtra,Nashik,Sinnar,229.9,4.51,938,13.5,12.33,0
Maharashtra,Amravati,Warud,248.6,27.35,7267,4.2,14.18,1
Maharashtra,Solapur,Malshiras,204.7,21.19,2204,1.3,0.46,1
Maharashtra,Nagpur,Parseoni,223.9,16.79,3659,15.9,11.35,1
Maharashtra,Solapur,Barshi,238.5,26.63,8950,4.1,21.8,1
Maharashtra,Aurangabad,Gangapur,232.5,9.14,1832,13.8,23.17,0
Maharashtra,Nanded,Biloli,224.2,9.75,1875,15.7,28.86,0
Maharashtra,Pune,Haveli,234.0,8.4,1738,11.4,20.1,0
Maharashtra,Aurangabad,Khultabad,193.5,22.02,2438,3.2,2.23,1
Maharashtra,Amravati,Chandur Bazar,220.8,20.55,3972,0.6,1.08,1
Maharashtra,Nanded,Bhokar,243.1,29.61,5442,4.1,9.22,1
Maharashtra,Amravati,Chandur Bazar,218.9,5.69,1150,18.4,20.78,0
Maharashtra,Pune,Haveli,229.2,7.91,1580,23.2,36.82,0
Maharashtra,Aurangabad,Khultabad,232.1,9.67,2030,20.0,40.97,0
Maharashtra,Nagpur,Umred,225.4,6.1,1218,24.0,28.86,0
Maharashtra,Nanded,Kinwat,231.5,18.06,3944,1.9,2.85,1
Maharashtra,Nagpur,Umred,188.7,23.25,2990,2.9,1.12,1
Maharashtra,Solapur,Barshi,221.8,7.05,1444,15.8,22.1,0
Maharashtra,Kolhapur,Radhanagari,226.4,3.42,755,9.6,7.63,0
Maharashtra,Amravati,Achalpur,224.4,5.86,1173,9.7,10.61,0
Maharashtra,Nashik,Igatpuri,215.9,5.55,1162,10.9,13.83,0
Maharashtra,Solapur,Akkalkot,182.8,27.1,2522,4.4,2.58,1
Maharashtra,Jalgaon,Bhusawal,227.8,3.73,777,13.3,9.46,0
Maharashtra,Pune,Mulshi,233.4,9.82,1994,13.2,26.78,0
Maharashtra,Nashik,Dindori,234.0,3.6,795,15.8,13.21,0
Maharashtra,Nashik,Nandgaon,227.6,18.14,3554,9.9,4.48,1
Maharashtra,Aurangabad,Kannad,232.0,8.82,1762,22.1,36.95,0
Maharashtra,Kolhapur,Karvir,221.0,6.95,1419,21.6,31.74,0
Maharashtra,Amravati,Morshi,247.6,21.28,6490,5.0,15.32,1
Maharashtra,Jalgaon,Amalner,225.7,19.0,3782,1.3,1.68,1
Maharashtra,Jalgaon,Bhusawal,208.4,29.08,3814,3.5,3.76,1
Maharashtra,Thane,Shahapur,218.6,17.59,4709,2.0,3.52,1
Maharashtra,Kolhapur,Karvir,215.9,20.73,3898,15.6,3.4,1
Maharashtra,Amravati,Achalpur,232.0,24.31,5174,10.3,8.93,1
Maharashtra,Thane,Ulhasnagar,228.3,5.58,1174,13.5,17.42,0
Maharashtra,Jalgaon,Pachora,221.3,7.59,1514,22.6,33.93,0
Maharashtra,Nashik,Trimbakeshwar,221.9,3.84,820,19.1,15.59,0
Maharashtra,Jalgaon,Amalner,199.3,19.88,2654,4.4,3.2,1
Maharashtra,Aurangabad,Paithan,232.8,8.2,1661,12.5,19.56,0
Maharashtra,Nanded,Ardhapur,228.4,6.88,1526,9.7,15.92,0
Maharashtra,Pune,Mulshi,218.0,4.34,869,21.0,17.4,0
Maharashtra,Nanded,Kinwat,232.3,6.01,1348,14.6,20.97,0
Maharashtra,Nanded,Kinwat,234.3,8.88,1920,17.5,32.14,0
Maharashtra,Nashik,Nandgaon,215.9,13.08,5483,1.3,1.55,1
Maharashtra,Solapur,Akkalkot,186.9,22.63,2207,1.8,1.08,1
Maharashtra,Amravati,Anjangaon,233.9,16.44,3716,11.1,4.31,1
Maharashtra,Nashik,Dindori,220.7,6.35,1253,23.4,27.87,0
Maharashtra,Nashik,Igatpuri,232.9,6.64,1455,14.0,22.3,0
Maharashtra,Pune,Indapur,223.9,5.97,1242,14.6,17.1,0
Maharashtra,Aurangabad,Paithan,231.2,6.3,1306,17.3,21.39,0
Maharashtra,Aurangabad,Paithan,232.9,7.72,1555,19.9,27.87,0
Maharashtra,Solapur,Mohol,255.6,20.19,7073,3.5,12.3,1
Maharashtra,Nagpur,Umred,185.4,22.26,2377,1.9,0.66,1
Maharashtra,Aurangabad,Vaijapur,195.5,29.92,3278,2.2,1.04,1
Maharashtra,Solapur,North Solapur,226.9,9.18,1813,20.1,33.16,0
Maharashtra,Pune,Haveli,219.3,3.55,722,16.3,11.64,0
Maharashtra,Nanded,Hadgaon,233.7,19.27,3650,0.8,0.99,1
Maharashtra,Jalgaon,Bhusawal,200.9,21.04,2508,4.7,2.68,1
Maharashtra,Kolhapur,Gadhinglaj,216.9,17.13,5933,1.5,3.51,1
Maharashtra,Amravati,Dhamangaon,197.9,21.6,2762,3.3,1.05,1
Maharashtra,Nanded,Biloli,226.9,4.18,927,12.7,11.94,0
Maharashtra,Kolhapur,Radhanagari,219.8,22.71,4502,8.2,3.0,1
Maharashtra,Nanded,Biloli,241.8,34.15,8216,4.3,15.34,1
Maharashtra,Amravati,Morshi,225.7,8.93,1826,22.1,42.19,0
Maharashtra,Nashik,Igatpuri,221.6,19.67,5000,1.6,2.47,1
Maharashtra,Nashik,Igatpuri,233.6,5.2,1184,17.4,21.64,0
Maharashtra,Amravati,Warud,220.0,6.87,1470,18.9,25.64,0
Maharashtra,Nanded,Kinwat,234.1,6.67,1498,9.2,14.66,0
Maharashtra,Solapur,Akkalkot,231.9,14.82,4372,1.4,2.16,1
Maharashtra,Solapur,Pandharpur,215.9,6.82,1407,10.8,16.04,0
Maharashtra,Nanded,Ardhapur,221.9,3.78,787,17.5,13.85,0
Maharashtra,Solapur,Barshi,203.1,24.68,3405,4.4,4.12,1
Maharashtra,Jalgaon,Erandol,234.3,9.5,2111,19.0,41.82,0
Maharashtra,Amravati,Warud,224.6,5.81,1195,22.7,28.17,0
Maharashtra,Amravati,Morshi,216.4,16.55,3182,11.2,3.74,1
Maharashtra,Aurangabad,Khultabad,226.1,22.1,4738,9.6,3.54,1
Maharashtra,Thane,Ulhasnagar,226.1,5.63,1113,17.4,18.9,0
Maharashtra,Thane,Shahapur,221.2,4.86,931,10.5,10.14,0
Maharashtra,Nashik,Trimbakeshwar,240.1,28.12,6435,3.8,12.79,1
Maharashtra,Amravati,Chandur Bazar,218.7,20.72,5067,1.6,1.62,1
Maharashtra,Amravati,Chandur Bazar,219.5,3.96,748,21.5,14.8,0
Maharashtra,Kolhapur,Radhanagari,218.6,13.31,4940,0.8,0.91,1
Maharashtra,Amravati,Dhamangaon,229.2,6.14,1199,12.7,14.94,0
Maharashtra,Jalgaon,Pachora,247.3,28.59,6432,5.1,15.21,1
Maharashtra,Amravati,Warud,231.3,9.24,1935,22.5,43.07,0
Maharashtra,Thane,Shahapur,219.7,17.42,3385,10.8,6.41,1
Maharashtra,Amravati,Chandur Bazar,232.0,6.28,1275,9.8,11.65,0
Maharashtra,Nashik,Igatpuri,245.3,25.14,7584,3.3,12.98,1
Maharashtra,Amravati,Warud,230.0,4.75,994,20.9,19.28,0
Maharashtra,Nanded,Degloor,226.7,8.09,1770,18.5,34.93,0
Maharashtra,Jalgaon,Bhusawal,224.8,4.91,1008,14.2,14.8,0
Maharashtra,Solapur,Barshi,231.4,19.58,5608,0.6,1.15,1
Maharashtra,Thane,Murbad,231.9,8.58,1783,21.4,40.79,0
Maharashtra,Thane,Bhiwandi,217.9,4.38,886,20.2,18.45,0
Maharashtra,Nagpur,Umred,233.2,5.4,1128,20.4,24.03,0
Maharashtra,Aurangabad,Soegaon,223.9,9.97,1980,22.7,44.87,0
Maharashtra,Solapur,Mohol,225.3,4.11,825,16.1,12.31,0
Maharashtra,Nashik,Trimbakeshwar,232.4,6.23,1241,16.3,20.72,0
Maharashtra,Nanded,Ardhapur,220.2,20.04,4285,18.5,5.53,1
Maharashtra,Nashik,Trimbakeshwar,198.8,20.99,2665,2.4,0.8,1
Maharashtra,Thane,Ambernath,259.4,23.03,5509,4.8,10.89,1
Maharashtra,Nanded,Kinwat,240.3,22.8,6449,4.9,13.39,1
Maharashtra,Thane,Ambernath,219.8,5.68,1200,14.6,16.88,0
Maharashtra,Pune,Indapur,220.0,3.81,797,21.8,18.5,0
Maharashtra,Nanded,Degloor,234.3,7.81,1778,17.2,28.96,0
Maharashtra,Solapur,North Solapur,227.5,16.4,5811,0.9,2.12,1
Maharashtra,Nanded,Kinwat,229.4,8.19,1761,13.8,22.21,0
Maharashtra,Amravati,Chandur Bazar,203.7,19.85,2264,3.6,1.85,1
Maharashtra,Thane,Kalyan,256.1,26.15,8441,5.6,24.9,1
Maharashtra,Aurangabad,Soegaon,232.3,6.69,1450,17.6,26.09,0
Maharashtra,Nashik,Dindori,234.0,3.77,752,13.0,9.09,0
Maharashtra,Aurangabad,Gangapur,229.8,6.86,1428,8.2,10.71,0
Maharashtra,Kolhapur,Radhanagari,231.8,5.66,1262,15.0,18.67,0
Maharashtra,Nashik,Nandgaon,217.1,9.29,1804,19.4,35.03,0
Maharashtra,Aurangabad,Vaijapur,193.6,29.8,3814,5.0,4.06,1
Maharashtra,Pune,Shirur,248.3,24.45,8012,4.8,20.09,1
Maharashtra,Kolhapur,Hatkanangle,190.0,24.72,2947,1.0,0.41,1
Maharashtra,Nagpur,Umred,234.8,8.18,1707,13.4,24.38,0
Maharashtra,Jalgaon,Muktainagar,221.4,4.89,924,17.6,14.73,0
Maharashtra,Jalgaon,Pachora,226.2,20.58,4408,17.2,10.35,1
Maharashtra,Pune,Haveli,231.2,5.93,1302,22.1,25.99,0
Maharashtra,Jalgaon,Chopda,231.0,7.99,1589,10.5,17.39,0
Maharashtra,Amravati,Warud,243.5,33.77,8240,2.8,9.59,1
Maharashtra,Kolhapur,Gadhinglaj,233.8,3.76,774,8.4,7.0,0
Maharashtra,Nashik,Yeola,229.5,8.86,1882,18.6,37.56,0
Maharashtra,Nanded,Bhokar,228.7,15.9,4157,1.3,1.79,1
Maharashtra,Nagpur,Umred,215.5,8.16,1571,22.9,38.15,0
Maharashtra,Nanded,Bhokar,228.6,6.85,1525,15.4,24.46,0
Maharashtra,Amravati,Anjangaon,233.5,15.33,4556,1.9,1.99,1
Maharashtra,Solapur,Pandharpur,227.7,7.35,1570,19.5,31.59,0
Maharashtra,Kolhapur,Panhala,222.4,5.67,1102,8.7,9.47,0
Maharashtra,Nagpur,Umred,222.0,4.49,944,22.7,21.93,0
Maharashtra,Jalgaon,Chopda,218.7,19.64,4778,1.1,2.23,1
Maharashtra,Solapur,Akkalkot,215.9,9.05,1849,8.3,15.51,0
Maharashtra,Nashik,Dindori,221.5,3.14,675,22.1,15.91,0
Maharashtra,Pune,Shirur,231.7,15.64,3465,9.4,4.54,1
Maharashtra,Nashik,Sinnar,192.3,24.3,2977,2.4,1.75,1
Maharashtra,Nashik,Nandgaon,187.3,25.79,2429,3.5,2.39,1
Maharashtra,Nashik,Sinnar,234.0,5.79,1202,19.4,24.56,0
Maharashtra,Jalgaon,Muktainagar,257.3,28.43,7618,3.8,13.55,1
Maharashtra,Aurangabad,Gangapur,237.3,30.11,8284,2.3,11.17,1
Maharashtra,Aurangabad,Gangapur,228.4,5.2,1051,10.1,10.92,0
Maharashtra,Aurangabad,Kannad,222.0,4.27,823,18.5,13.91,0
Maharashtra,Nanded,Biloli,231.9,4.75,1027,16.8,15.96,0
Maharashtra,Amravati,Morshi,201.9,26.83,2976,2.3,1.48,1
Maharashtra,Nashik,Trimbakeshwar,229.7,20.83,5049,1.0,1.95,1
Maharashtra,Amravati,Warud,242.8,32.26,7852,4.7,18.7,1
Maharashtra,Nanded,Ardhapur,229.6,19.44,4370,17.6,7.18,1
Maharashtra,Jalgaon,Erandol,233.8,4.96,1090,11.5,12.4,0
Maharashtra,Kolhapur,Gadhinglaj,216.9,9.87,1953,23.0,40.49,0
Maharashtra,Jalgaon,Muktainagar,220.2,12.05,5359,0.5,0.96,1
Maharashtra,Jalgaon,Amalner,190.7,24.03,2557,3.7,2.09,1
Maharashtra,Aurangabad,Soegaon,252.7,24.07,5347,5.5,13.95,1
Maharashtra,Aurangabad,Vaijapur,230.2,6.55,1302,18.0,25.04,0
Maharashtra,Amravati,Dhamangaon,233.3,5.67,1294,20.7,27.6,0
Maharashtra,Thane,Shahapur,226.0,9.6,1939,20.2,39.08,0
Maharashtra,Nanded,Degloor,225.0,5.16,990,23.1,22.89,0
Maharashtra,Thane,Shahapur,219.9,21.95,3998,1.6,1.46,1
Maharashtra,Solapur,Barshi,203.1,18.2,2396,2.9,1.79,1
Maharashtra,Jalgaon,Pachora,227.7,7.37,1615,18.0,27.04,0
Maharashtra,Kolhapur,Gadhinglaj,224.9,7.64,1550,20.2,28.41,0
Maharashtra,Nanded,Ardhapur,243.5,21.76,7053,3.0,10.74,1
Maharashtra,Kolhapur,Gadhinglaj,232.1,21.59,4747,13.4,9.85,1
Maharashtra,Aurangabad,Paithan,219.4,9.89,1860,11.3,22.89,0
Maharashtra,Nanded,Bhokar,228.1,5.43,1082,16.6,18.06,0
Maharashtra,Kolhapur,Gadhinglaj,189.8,25.79,3223,3.1,1.8,1
Maharashtra,Thane,Kalyan,192.3,29.63,3904,4.8,2.71,1
Maharashtra,Nagpur,Kamptee,218.6,22.12,4374,11.7,8.46,1
Maharashtra,Nashik,Yeola,257.0,26.51,8721,2.5,12.08,1
Maharashtra,Solapur,Akkalkot,227.4,17.82,3839,16.0,4.26,1
Maharashtra,Nanded,Hadgaon,197.8,18.58,1917,4.3,0.9,1
Maharashtra,Jalgaon,Pachora,201.2,29.12,3443,2.8,2.59,1
Maharashtra,Nashik,Sinnar,227.7,8.81,1717,13.3,21.15,0
Maharashtra,Aurangabad,Vaijapur,228.4,17.48,5702,1.4,2.83,1
Maharashtra,Jalgaon,Amalner,216.0,5.33,1127,20.6,21.85,0
Maharashtra,Solapur,Pandharpur,209.1,24.55,3088,3.6,1.77,1
Maharashtra,Kolhapur,Gadhinglaj,216.0,5.01,964,9.7,9.36,0
Maharashtra,Nanded,Biloli,230.4,5.38,1101,10.5,10.41,0
Maharashtra,Nashik,Dindori,229.6,24.5,5434,17.1,12.05,1
Maharashtra,Solapur,Mohol,233.0,4.47,919,9.6,9.32,0
Maharashtra,Nanded,Bhokar,189.0,23.56,2649,1.1,0.39,1
Maharashtra,Thane,Ambernath,229.2,19.36,4141,0.6,0.54,1
Maharashtra,Thane,Kalyan,215.4,14.24,5962,0.8,0.99,1
Maharashtra,Nashik,Yeola,191.8,25.08,3320,4.3,1.87,1
Maharashtra,Pune,Haveli,226.3,3.71,745,16.6,11.98,0
Maharashtra,Jalgaon,Muktainagar,217.1,9.88,1903,23.8,45.68,0
Maharashtra,Jalgaon,Amalner,224.3,21.46,4148,14.0,4.47,1
Maharashtra,Pune,Indapur,182.0,26.01,3081,4.1,3.59,1
Maharashtra,Kolhapur,Kagal,224.5,3.26,684,12.6,9.24,0
Maharashtra,Thane,Murbad,217.6,9.55,1921,15.6,31.67,0
Maharashtra,Jalgaon,Erandol,258.7,35.0,8628,5.2,19.11,1
Maharashtra,Amravati,Chandur Bazar,216.8,8.93,1849,10.0,20.13,0
Maharashtra,Nashik,Dindori,223.3,15.77,3345,16.1,9.86,1
Maharashtra,Nashik,Trimbakeshwar,217.3,8.94,1815,18.8,31.83,0
Maharashtra,Pune,Haveli,221.6,5.07,1020,19.5,18.56,0
Maharashtra,Thane,Murbad,226.9,7.34,1506,17.3,26.17,0
Maharashtra,Kolhapur,Karvir,192.5,26.45,2866,3.9,2.81,1
Maharashtra,Aurangabad,Gangapur,218.7,8.89,1809,21.8,43.0,0
Maharashtra,Pune,Indapur,230.7,6.3,1404,12.2,17.61,0
Maharashtra,Jalgaon,Chopda,193.0,18.21,2035,1.1,0.52,1
Maharashtra,Nanded,Biloli,207.6,22.85,2846,1.6,0.87,1
Maharashtra,Nanded,Kinwat,223.3,20.73,4191,11.7,6.9,1
Maharashtra,Pune,Baramati,216.7,15.91,3947,1.9,1.67,1
Maharashtra,Nashik,Nandgaon,233.2,7.0,1427,17.7,25.26,0
Maharashtra,Solapur,Mohol,236.4,29.62,7334,2.9,12.49,1
Maharashtra,Pune,Maval,245.4,27.38,7751,3.0,9.86,1
Maharashtra,Nanded,Bhokar,237.4,21.92,6035,5.2,17.34,1
Maharashtra,Jalgaon,Chopda,231.1,12.88,3838,0.8,1.37,1
Maharashtra,Kolhapur,Kagal,224.6,19.98,5553,1.2,1.81,1
Maharashtra,Solapur,Pandharpur,256.9,26.94,6435,3.2,10.51,1
Maharashtra,Amravati,Dhamangaon,232.4,21.66,5005,1.2,2.32,1
Maharashtra,Amravati,Morshi,225.3,3.76,776,23.1,16.29,0
Maharashtra,Solapur,Mohol,247.6,24.5,7654,3.3,12.2,1
Maharashtra,Pune,Baramati,232.7,3.95,835,18.7,16.37,0
Maharashtra,Solapur,Barshi,245.0,29.48,8835,2.4,10.75,1
Maharashtra,Kolhapur,Hatkanangle,253.0,24.71,6377,5.3,19.6,1
Maharashtra,Amravati,Warud,216.9,23.02,4698,9.2,4.17,1
Maharashtra,Jalgaon,Amalner,232.8,8.14,1759,8.4,13.97,0
Maharashtra,Nashik,Trimbakeshwar,221.6,3.87,770,22.2,17.93,0
Maharashtra,Pune,Baramati,220.8,15.94,3830,0.6,0.85,1
Maharashtra,Jalgaon,Muktainagar,219.5,6.66,1328,15.1,21.5,0
Maharashtra,Aurangabad,Kannad,216.7,6.2,1206,12.7,16.19,0
Maharashtra,Solapur,Barshi,231.5,7.0,1403,18.8,24.02,0
Maharashtra,Pune,Indapur,218.1,16.14,3431,14.7,3.3,1
Maharashtra,Amravati,Morshi,186.6,23.85,2281,2.5,0.62,1
Maharashtra,Nashik,Trimbakeshwar,255.2,29.36,6147,2.3,7.08,1
Maharashtra,Amravati,Achalpur,231.0,12.61,4895,1.9,3.02,1
Maharashtra,Amravati,Achalpur,215.6,7.41,1524,19.4,28.45,0
Maharashtra,Kolhapur,Radhanagari,220.6,3.49,732,13.6,9.97,0
Maharashtra,Aurangabad,Soegaon,223.2,3.98,864,12.9,11.13,0
Maharashtra,Nanded,Hadgaon,225.2,8.23,1647,8.9,15.82,0
Maharashtra,Aurangabad,Soegaon,258.2,24.24,8508,4.5,21.15,1
Maharashtra,Amravati,Chandur Bazar,225.7,5.17,1115,15.5,18.44,0
Maharashtra,Thane,Shahapur,228.6,15.12,4308,1.4,1.28,1
Maharashtra,Aurangabad,Khultabad,224.5,19.2,4077,8.3,2.65,1
Maharashtra,Jalgaon,Erandol,197.8,23.55,2846,4.3,1.65,1
Maharashtra,Aurangabad,Soegaon,233.7,7.54,1637,10.7,18.32,0
Maharashtra,Amravati,Dhamangaon,229.8,17.33,3422,16.8,7.09,1
Maharashtra,Nagpur,Katol,226.9,7.73,1544,9.9,16.48,0
Maharashtra,Solapur,Mohol,222.5,9.59,1923,9.6,17.73,0
Maharashtra,Aurangabad,Kannad,245.3,32.8,5730,3.2,9.67,1
Maharashtra,Aurangabad,Khultabad,220.0,3.68,719,14.1,10.37,0
Maharashtra,Kolhapur,Panhala,220.0,5.42,1056,23.0,25.38,0
Maharashtra,Aurangabad,Kannad,230.4,15.98,3600,14.2,10.17,1
Maharashtra,Kolhapur,Kagal,259.0,22.16,7709,5.7,24.56,1
Maharashtra,Jalgaon,Chopda,230.6,16.2,3213,19.5,7.76,1
Maharashtra,Jalgaon,Pachora,194.5,26.26,3508,4.9,2.71,1
Maharashtra,Amravati,Achalpur,187.5,23.97,2812,1.5,0.51,1
Maharashtra,Amravati,Warud,224.1,7.24,1488,13.2,20.09,0
Maharashtra,Kolhapur,Kagal,252.8,28.96,8783,5.3,24.58,1
Maharashtra,Kolhapur,Radhanagari,231.3,8.22,1759,8.7,14.83,0
Maharashtra,Nashik,Yeola,231.1,4.9,972,19.4,19.15,0
Maharashtra,Nanded,Biloli,233.3,4.55,911,21.2,20.89,0
Maharashtra,Solapur,Akkalkot,243.4,24.01,5393,4.6,11.86,1
Maharashtra,Jalgaon,Muktainagar,223.3,13.84,3558,1.6,2.27,1
Maharashtra,Kolhapur,Gadhinglaj,220.6,19.13,4955,0.9,1.95,1
Maharashtra,Nashik,Trimbakeshwar,186.0,27.0,2673,2.1,0.84,1
Maharashtra,Amravati,Dhamangaon,239.5,34.98,6967,2.4,8.15,1
Maharashtra,Nanded,Hadgaon,215.6,4.35,899,21.4,18.27,0
Maharashtra,Thane,Ambernath,229.5,9.86,2208,20.9,44.91,0
Maharashtra,Amravati,Morshi,229.9,5.37,1068,23.4,23.2,0
Maharashtra,Thane,Shahapur,187.5,26.3,3360,4.2,3.44,1
Maharashtra,Nagpur,Parseoni,230.9,15.19,4696,1.6,2.09,1
Maharashtra,Amravati,Achalpur,224.6,21.27,4615,14.4,6.66,1
Maharashtra,Nanded,Hadgaon,187.6,25.66,2598,4.6,3.26,1
Maharashtra,Thane,Ambernath,227.5,7.16,1426,9.7,13.29,0
Maharashtra,Pune,Haveli,221.8,9.22,1781,9.2,17.83,0
Maharashtra,Nashik,Sinnar,223.2,8.9,1748,19.3,30.42,0
Maharashtra,Aurangabad,Soegaon,221.8,5.33,1031,16.2,15.41,0
Maharashtra,Nagpur,Katol,220.5,8.53,1700,22.9,38.99,0
Maharashtra,Amravati,Achalpur,228.6,16.17,3154,15.4,4.03,1
Maharashtra,Nashik,Igatpuri,234.3,12.05,3728,0.7,1.25,1
Maharashtra,Nagpur,Ramtek,216.9,7.39,1371,20.6,25.61,0
Maharashtra,Aurangabad,Soegaon,222.2,15.96,3184,10.4,3.87,1
Maharashtra,Solapur,Barshi,222.7,8.42,1759,8.8,15.88,0
Maharashtra,Kolhapur,Karvir,187.9,22.45,2623,3.9,2.93,1
Maharashtra,Nanded,Bhokar,223.1,9.55,2054,15.6,30.12,0
Maharashtra,Jalgaon,Amalner,225.5,6.7,1355,22.7,28.37,0
Maharashtra,Amravati,Chandur Bazar,216.7,3.7,760,17.4,12.92,0
Maharashtra,Amravati,Chandur Bazar,224.1,4.01,786,17.6,14.52,0
Maharashtra,Nashik,Nandgaon,215.4,9.45,1958,17.2,34.17,0
Maharashtra,Kolhapur,Kagal,222.2,5.54,1075,11.4,13.35,0
Maharashtra,Nashik,Igatpuri,233.5,6.03,1329,15.9,20.64,0
Maharashtra,Aurangabad,Vaijapur,225.7,6.52,1283,23.1,27.59,0
Maharashtra,Pune,Shirur,224.1,5.52,1132,17.1,18.84,0
Maharashtra,Jalgaon,Chopda,240.0,26.22,5728,5.5,18.55,1
Maharashtra,Nagpur,Ramtek,224.1,17.92,3735,13.4,4.05,1
Maharashtra,Nanded,Bhokar,241.6,24.46,7294,5.2,19.91,1
Maharashtra,Jalgaon,Bhusawal,198.6,22.03,3003,3.1,2.63,1
Maharashtra,Pune,Haveli,222.9,21.95,4781,16.9,14.86,1
Maharashtra,Amravati,Achalpur,225.5,6.2,1320,14.6,19.87,0
Maharashtra,Kolhapur,Kagal,246.6,34.35,8473,4.6,22.83,1
Maharashtra,Jalgaon,Chopda,230.6,7.83,1734,18.5,30.81,0
Maharashtra,Amravati,Anjangaon,219.8,16.4,5094,0.8,1.71,1
Maharashtra,Nanded,Degloor,256.0,22.31,8990,4.7,18.04,1
Maharashtra,Nashik,Sinnar,193.9,27.56,3460,1.8,1.39,1
Maharashtra,Kolhapur,Radhanagari,251.2,23.85,7405,3.6,11.27,1
Maharashtra,Nagpur,Ramtek,228.4,6.66,1364,23.3,32.06,0
Maharashtra,Pune,Baramati,222.9,15.96,3457,13.7,2.75,1
Maharashtra,Nashik,Igatpuri,220.5,15.29,3212,11.3,4.81,1
Maharashtra,Aurangabad,Vaijapur,248.5,20.76,5116,5.6,11.75,1
Maharashtra,Solapur,Mohol,254.7,20.64,5473,5.2,15.18,1
Maharashtra,Pune,Baramati,203.2,21.76,2947,3.9,3.0,1
Maharashtra,Nashik,Dindori,205.4,22.45,2597,4.6,3.3,1
Maharashtra,Nagpur,Ramtek,235.7,32.22,5889,5.4,13.63,1
Maharashtra,Kolhapur,Panhala,226.0,24.74,5032,12.1,10.48,1
Maharashtra,Kolhapur,Hatkanangle,217.8,7.43,1508,14.0,19.32,0
Maharashtra,Nagpur,Ramtek,234.3,16.71,5649,1.4,2.06,1
Maharashtra,Solapur,Malshiras,180.1,21.28,2500,1.7,1.07,1
Maharashtra,Nagpur,Parseoni,227.6,7.34,1603,10.4,17.27,0
Maharashtra,Nagpur,Ramtek,225.0,13.6,5807,0.6,1.08,1
Maharashtra,Pune,Indapur,222.7,5.93,1233,20.8,24.36,0
Maharashtra,Aurangabad,Gangapur,224.3,7.74,1662,14.4,22.03,0
Maharashtra,Jalgaon,Muktainagar,234.0,10.0,2194,12.3,24.5,0
Maharashtra,Thane,Kalyan,188.0,23.16,2773,3.3,1.12,1
Maharashtra,Nashik,Igatpuri,232.0,7.75,1631,10.0,15.45,0
Maharashtra,Pune,Mulshi,225.9,23.72,5131,16.2,7.91,1
Maharashtra,Nagpur,Katol,225.2,22.86,4912,15.4,11.55,1
Maharashtra,Amravati,Warud,236.2,23.31,7871,2.1,9.66,1
Maharashtra,Amravati,Dhamangaon,225.7,9.43,2067,10.8,20.84,0
Maharashtra,Nashik,Sinnar,257.0,25.36,5634,5.3,17.29,1
Maharashtra,Nagpur,Hingna,200.9,23.96,3249,3.1,2.27,1
Maharashtra,Solapur,Barshi,222.7,6.97,1441,18.9,29.68,0
Maharashtra,Solapur,Mohol,253.9,21.74,5670,3.6,9.4,1
Maharashtra,Amravati,Dhamangaon,232.7,13.67,3951,1.1,1.31,1
Maharashtra,Amravati,Chandur Bazar,228.9,7.93,1636,11.8,18.62,0
Maharashtra,Amravati,Anjangaon,235.2,26.46,6172,2.9,7.19,1
Maharashtra,Pune,Indapur,229.0,8.11,1783,8.9,14.56,0
Maharashtra,Nanded,Ardhapur,220.3,17.91,4444,1.5,2.87,1
Maharashtra,Aurangabad,Gangapur,217.1,16.85,3472,15.3,4.78,1
Maharashtra,Pune,Haveli,230.4,7.6,1569,18.4,26.24,0
Maharashtra,Kolhapur,Radhanagari,215.9,3.36,670,13.8,8.86,0
Maharashtra,Aurangabad,Gangapur,239.4,25.61,5150,2.8,6.04,1
Maharashtra,Nagpur,Umred,200.9,23.52,3014,1.0,0.43,1
Maharashtra,Nashik,Igatpuri,225.0,21.96,5623,1.3,3.04,1
Maharashtra,Amravati,Chandur Bazar,233.7,9.73,2207,22.0,43.79,0
Maharashtra,Amravati,Anjangaon,229.2,6.11,1221,17.0,21.99,0
Maharashtra,Nanded,Kinwat,231.3,3.95,866,14.6,11.53,0
Maharashtra,Nashik,Yeola,219.0,8.54,1805,13.0,22.57,0
Maharashtra,Pune,Shirur,224.1,21.55,4986,0.5,1.22,1
Maharashtra,Amravati,Achalpur,180.2,29.11,3364,3.4,1.79,1
Maharashtra,Solapur,North Solapur,223.3,8.3,1630,9.0,14.34,0
Maharashtra,Pune,Baramati,223.7,5.95,1215,9.2,10.62,0
Maharashtra,Solapur,Barshi,249.6,26.96,5471,2.2,6.34,1
Maharashtra,Aurangabad,Soegaon,250.1,25.93,8551,5.1,25.63,1
Maharashtra,Solapur,Barshi,217.5,17.02,3613,17.2,3.17,1
Maharashtra,Nagpur,Ramtek,247.7,25.28,7408,5.3,21.5,1
Maharashtra,Solapur,Pandharpur,244.1,26.54,6988,5.4,21.03,1
Maharashtra,Thane,Ambernath,231.0,19.12,3957,14.4,8.84,1
Maharashtra,Aurangabad,Gangapur,182.5,28.19,3269,4.8,4.63,1
Maharashtra,Thane,Ulhasnagar,232.9,18.31,4398,0.6,1.03,1
Maharashtra,Nanded,Bhokar,227.6,18.36,4910,1.3,2.5,1
Maharashtra,Thane,Shahapur,259.3,31.55,5189,3.4,8.67,1
Maharashtra,Nagpur,Kamptee,191.3,23.14,2706,1.5,0.88,1
Maharashtra,Kolhapur,Hatkanangle,251.2,34.32,5617,3.2,10.07,1
Maharashtra,Amravati,Anjangaon,250.4,24.59,7337,4.3,14.92,1
Maharashtra,Nashik,Yeola,239.4,21.04,8918,2.8,11.95,1
Maharashtra,Jalgaon,Amalner,230.9,6.96,1375,16.5,23.42,0
Maharashtra,Jalgaon,Amalner,217.5,5.22,976,15.5,15.18,0
Maharashtra,Amravati,Dhamangaon,182.0,25.92,2984,4.7,2.41,1
Maharashtra,Jalgaon,Amalner,220.5,9.89,2134,16.6,37.54,0
Maharashtra,Aurangabad,Kannad,216.0,20.13,5685,1.8,3.15,1
Maharashtra,Nashik,Dindori,224.5,9.44,1948,8.9,17.36,0
Maharashtra,Aurangabad,Vaijapur,252.6,20.69,5657,2.6,7.99,1
Maharashtra,Nagpur,Parseoni,216.2,9.7,1936,18.7,35.56,0
Maharashtra,Nashik,Nandgaon,221.8,18.12,3834,20.0,9.17,1
Maharashtra,Kolhapur,Radhanagari,228.3,21.5,5969,1.3,1.9,1
Maharashtra,Nagpur,Ramtek,222.4,15.73,4212,1.0,2.08,1
Maharashtra,Nagpur,Parseoni,229.2,17.85,3995,18.1,11.13,1
Maharashtra,Solapur,Malshiras,217.8,13.17,3610,0.7,1.17,1
Maharashtra,Jalgaon,Chopda,248.1,34.93,6415,2.5,8.22,1
Maharashtra,Nanded,Biloli,222.0,6.18,1221,11.7,14.92,0
Maharashtra,Nashik,Dindori,247.9,27.63,6947,3.2,11.79,1
Maharashtra,Nashik,Yeola,226.1,5.58,1204,16.8,20.68,0
Maharashtra,Nashik,Yeola,227.5,20.42,4927,1.1,2.05,1
Maharashtra,Jalgaon,Chopda,217.3,21.71,4358,8.7,6.17,1
Maharashtra,Amravati,Warud,224.8,21.52,4235,15.4,10.46,1
Maharashtra,Nashik,Sinnar,222.7,8.13,1767,22.2,39.17,0
Maharashtra,Kolhapur,Hatkanangle,234.1,21.76,4282,1.3,1.13,1
Maharashtra,Nagpur,Katol,259.4,25.08,7380,6.0,18.8,1
Maharashtra,Amravati,Achalpur,223.2,7.73,1520,15.1,21.96,0
Maharashtra,Amravati,Anjangaon,215.0,9.71,1829,19.0,32.19,0
Maharashtra,Aurangabad,Khultabad,241.4,31.71,6109,2.2,6.42,1
Maharashtra,Thane,Shahapur,216.8,8.64,1617,13.9,21.57,0
Maharashtra,Solapur,Barshi,258.0,34.05,7871,5.7,26.83,1
Maharashtra,Nagpur,Kamptee,217.3,24.94,5011,13.3,7.03,1
Maharashtra,Jalgaon,Erandol,216.3,8.86,1753,16.6,29.87,0
Maharashtra,Pune,Shirur,216.9,8.93,1798,20.9,39.3,0
Maharashtra,Nashik,Trimbakeshwar,237.7,24.23,5125,3.7,9.82,1
Maharashtra,Kolhapur,Kagal,183.1,25.42,2406,4.7,2.01,1
Maharashtra,Amravati,Dhamangaon,202.9,25.7,2799,2.8,1.79,1
Maharashtra,Nanded,Hadgaon,227.3,21.74,4431,15.9,13.83,1
Maharashtra,Solapur,Akkalkot,205.0,20.33,2779,4.7,2.56,1
Maharashtra,Solapur,Barshi,231.1,13.38,5006,1.8,3.19,1
Maharashtra,Amravati,Anjangaon,225.9,12.06,5707,0.9,1.93,1
Maharashtra,Pune,Mulshi,226.4,14.17,3693,1.0,1.27,1
Maharashtra,Aurangabad,Gangapur,222.2,5.12,1072,10.0,9.75,0
Maharashtra,Thane,Kalyan,185.8,26.64,3062,3.0,1.03,1
Maharashtra,Nanded,Bhokar,185.5,18.66,1972,1.6,0.34,1
Maharashtra,Aurangabad,Gangapur,240.3,33.58,8406,2.6,9.55,1
Maharashtra,Nagpur,Umred,234.1,8.39,1674,9.1,14.51,0
Maharashtra,Thane,Ambernath,233.1,18.72,4768,1.8,3.88,1
Maharashtra,Nagpur,Parseoni,215.7,5.58,1110,14.9,15.02,0
Maharashtra,Kolhapur,Karvir,218.3,3.02,594,22.8,14.32,0
Maharashtra,Jalgaon,Pachora,253.2,28.46,5246,3.9,8.88,1
Maharashtra,Kolhapur,Radhanagari,181.9,22.14,2405,3.1,0.93,1
Maharashtra,Kolhapur,Panhala,226.9,9.57,1933,14.0,28.64,0
Maharashtra,Aurangabad,Paithan,215.9,8.57,1643,14.0,21.37,0
Maharashtra,Kolhapur,Panhala,216.9,7.61,1479,14.6,23.16,0
Maharashtra,Pune,Mulshi,195.9,26.59,3609,1.7,1.54,1
Maharashtra,Amravati,Morshi,223.9,8.09,1754,17.8,30.81,0
Maharashtra,Amravati,Achalpur,233.4,7.93,1639,21.2,34.78,0
Maharashtra,Nagpur,Ramtek,232.2,20.94,5238,1.9,3.85,1
Maharashtra,Amravati,Warud,225.2,7.01,1397,16.7,25.62,0
Maharashtra,Kolhapur,Panhala,223.9,4.87,974,17.3,17.1,0
Maharashtra,Nashik,Dindori,231.1,8.0,1729,11.6,19.05,0
Maharashtra,Thane,Murbad,183.0,20.77,2193,1.8,0.91,1
Maharashtra,Nashik,Sinnar,217.0,8.49,1676,10.0,17.96,0
Maharashtra,Thane,Shahapur,253.0,27.22,6915,2.8,8.37,1
Maharashtra,Pune,Shirur,216.3,9.92,2003,21.8,41.58,0
Maharashtra,Amravati,Morshi,234.8,5.09,1165,19.0,21.94,0
Maharashtra,Nagpur,Ramtek,216.7,6.61,1335,13.4,19.03,0
Maharashtra,Aurangabad,Gangapur,231.7,6.95,1400,19.1,24.58,0
Maharashtra,Aurangabad,Paithan,195.7,27.1,2796,2.1,1.22,1
Maharashtra,Nagpur,Umred,234.3,3.88,887,13.3,10.85,0
Maharashtra,Kolhapur,Hatkanangle,194.8,29.27,3246,3.8,1.28,1
Maharashtra,Pune,Mulshi,188.5,27.42,3099,3.4,2.69,1
Maharashtra,Jalgaon,Pachora,230.1,22.61,4639,18.8,10.95,1
Maharashtra,Nagpur,Ramtek,256.0,27.85,6182,2.2,5.65,1
Maharashtra,Jalgaon,Amalner,224.1,9.2,1907,19.5,36.32,0
Maharashtra,Pune,Haveli,238.5,26.23,7785,4.2,15.95,1
Maharashtra,Pune,Baramati,227.5,8.54,1758,9.0,15.45,0
Maharashtra,Kolhapur,Radhanagari,218.8,3.86,811,15.3,12.81,0
Maharashtra,Pune,Haveli,225.8,6.54,1281,13.6,15.92,0
Maharashtra,Aurangabad,Paithan,222.7,4.14,852,23.4,21.36,0
Maharashtra,Nanded,Ardhapur,230.2,6.09,1231,14.8,19.08,0
Maharashtra,Nanded,Bhokar,233.1,5.45,1200,21.1,26.92,0
Maharashtra,Kolhapur,Karvir,200.6,25.16,3351,2.3,1.76,1
Maharashtra,Jalgaon,Muktainagar,223.5,8.43,1660,9.9,15.57,0
Maharashtra,Aurangabad,Gangapur,180.7,19.1,2374,3.6,2.28,1
Maharashtra,Thane,Shahapur,222.0,8.74,1869,11.6,22.37,0
Maharashtra,Thane,Murbad,218.7,18.52,3491,18.2,12.15,1
Maharashtra,Nanded,Biloli,222.7,8.18,1736,19.0,30.2,0
Maharashtra,Jalgaon,Amalner,246.7,20.69,7082,4.6,15.07,1
Maharashtra,Jalgaon,Pachora,222.9,18.23,3467,13.4,8.57,1
Maharashtra,Amravati,Morshi,217.4,16.32,3109,15.5,4.24,1
Maharashtra,Thane,Ambernath,226.7,3.64,756,20.9,15.65,0
Maharashtra,Nashik,Sinnar,233.4,18.05,3849,16.9,3.43,1
Maharashtra,Amravati,Chandur Bazar,221.8,4.01,856,13.1,12.31,0
Maharashtra,Amravati,Anjangaon,223.8,18.01,3516,1.8,1.79,1
Maharashtra,Kolhapur,Radhanagari,225.9,3.71,765,21.8,17.18,0
Maharashtra,Kolhapur,Radhanagari,229.7,5.06,1015,8.0,8.45,0
Maharashtra,Nagpur,Parseoni,240.3,27.68,6249,3.4,11.2,1
Maharashtra,Amravati,Dhamangaon,219.1,21.4,4304,12.9,10.59,1
Maharashtra,Kolhapur,Radhanagari,215.8,20.26,5586,1.0,2.05,1
Maharashtra,Thane,Shahapur,225.0,7.28,1493,21.6,33.72,0
Maharashtra,Nagpur,Ramtek,229.1,9.63,2161,22.6,44.87,0
Maharashtra,Nashik,Igatpuri,220.3,3.89,775,9.8,6.93,0
Maharashtra,Nanded,Kinwat,230.5,24.64,5045,10.1,7.77,1
Maharashtra,Aurangabad,Vaijapur,234.3,22.49,4726,8.4,6.56,1
Maharashtra,Kolhapur,Radhanagari,230.8,4.73,1019,12.0,12.48,0
Maharashtra,Solapur,Barshi,240.9,34.67,7005,5.2,19.13,1
Maharashtra,Nagpur,Kamptee,231.2,3.88,812,23.8,19.08,0
Maharashtra,Nanded,Bhokar,230.7,19.85,3962,18.7,11.72,1
Maharashtra,Pune,Maval,184.3,28.62,3331,4.9,2.08,1
Maharashtra,Thane,Ulhasnagar,228.2,4.1,816,9.2,6.76,0
Maharashtra,Pune,Baramati,232.3,19.24,3859,14.5,8.7,1
Maharashtra,Solapur,Mohol,230.9,5.78,1302,21.2,27.57,0
Maharashtra,Nanded,Ardhapur,226.8,3.22,630,11.7,7.52,0
Maharashtra,Aurangabad,Soegaon,222.6,16.31,4017,0.8,1.44,1
Maharashtra,Nashik,Sinnar,245.8,29.26,5483,2.9,7.18,1
Maharashtra,Nanded,Kinwat,183.4,22.15,2226,3.6,2.27,1
Maharashtra,Thane,Ambernath,216.4,9.7,1795,8.5,14.49,0
Maharashtra,Kolhapur,Panhala,218.2,8.82,1829,20.9,35.67,0
Maharashtra,Thane,Ulhasnagar,219.4,3.41,707,9.0,6.13,0
Maharashtra,Nashik,Dindori,229.1,13.13,4704,1.5,1.71,1
Maharashtra,Amravati,Chandur Bazar,256.6,22.71,5323,3.3,10.49,1
Maharashtra,Pune,Mulshi,216.9,3.93,815,9.2,7.6,0
Maharashtra,Nanded,Kinwat,232.8,7.3,1523,18.6,30.11,0
Maharashtra,Kolhapur,Gadhinglaj,218.7,7.48,1482,8.5,12.88,0
Maharashtra,Thane,Ulhasnagar,231.0,5.38,1199,19.2,21.99,0
Maharashtra,Jalgaon,Erandol,234.4,5.28,1154,20.5,23.42,0
Maharashtra,Pune,Mulshi,228.2,18.85,4931,1.2,2.7,1
Maharashtra,Solapur,North Solapur,208.4,20.01,2883,3.2,0.94,1
Maharashtra,Aurangabad,Khultabad,222.8,3.59,774,22.5,19.08,0
Maharashtra,Nanded,Biloli,225.3,17.23,5025,0.9,1.76,1
Maharashtra,Pune,Haveli,221.2,10.0,2087,16.4,36.07,0
Maharashtra,Kolhapur,Radhanagari,219.4,9.98,2006,9.5,17.33,0
Maharashtra,Nashik,Sinnar,218.8,8.33,1721,16.9,28.97,0
Maharashtra,Kolhapur,Kagal,222.4,12.43,4825,0.8,1.7,1
Maharashtra,Pune,Shirur,225.3,4.95,1084,13.9,16.42,0
Maharashtra,Aurangabad,Kannad,229.1,7.83,1639,15.7,26.04,0
Maharashtra,Aurangabad,Khultabad,225.1,6.01,1289,9.8,13.02,0
Maharashtra,Nanded,Kinwat,246.3,25.52,7693,4.8,21.99,1
Maharashtra,Nagpur,Parseoni,209.3,29.76,4110,4.5,5.45,1
Maharashtra,Aurangabad,Kannad,225.8,20.05,4605,1.0,1.28,1
Maharashtra,Solapur,North Solapur,224.3,21.26,4182,8.6,2.41,1
Maharashtra,Aurangabad,Kannad,220.6,6.44,1336,9.6,13.77,0
Maharashtra,Thane,Kalyan,217.0,16.16,5984,1.0,1.57,1
Maharashtra,Nagpur,Ramtek,251.4,23.33,5893,5.5,15.69,1
Maharashtra,Nanded,Ardhapur,234.0,13.33,4239,1.5,1.44,1
Maharashtra,Nagpur,Parseoni,227.8,4.27,949,14.9,15.3,0
Maharashtra,Kolhapur,Gadhinglaj,202.4,19.85,2378,2.3,0.64,1
Maharashtra,Thane,Ulhasnagar,219.2,24.81,4923,17.2,5.65,1
Maharashtra,Thane,Bhiwandi,244.5,31.94,5453,3.0,8.91,1
Maharashtra,Jalgaon,Amalner,216.1,17.24,4298,1.3,1.67,1
Maharashtra,Nagpur,Ramtek,224.9,8.28,1767,15.2,29.14,0
Maharashtra,Jalgaon,Pachora,228.2,18.7,3725,17.4,5.54,1
Maharashtra,Pune,Haveli,256.7,29.74,5925,3.5,12.35,1
Maharashtra,Jalgaon,Pachora,234.7,4.03,921,15.2,15.26,0
Maharashtra,Solapur,Mohol,258.0,27.67,7283,4.3,13.12,1
Maharashtra,Amravati,Achalpur,227.3,21.33,4375,19.6,9.22,1
Maharashtra,Solapur,North Solapur,221.3,8.94,1867,12.8,22.99,0
Maharashtra,Aurangabad,Paithan,222.9,8.98,1710,17.1,29.34,0
Maharashtra,Thane,Ambernath,243.3,24.4,8801,4.5,19.6,1
Maharashtra,Kolhapur,Panhala,221.4,18.05,5859,1.9,3.43,1
Maharashtra,Thane,Ambernath,193.8,26.56,3111,1.0,0.89,1
Maharashtra,Solapur,Akkalkot,217.6,5.59,1123,13.1,14.61,0
Maharashtra,Pune,Mulshi,230.3,3.9,819,16.8,13.11,0
Maharashtra,Nanded,Bhokar,222.8,4.78,951,9.3,8.76,0
Maharashtra,Solapur,Akkalkot,215.2,4.47,904,13.6,13.0,0
Maharashtra,Pune,Maval,232.3,3.92,816,20.6,17.11,0
Maharashtra,Amravati,Chandur Bazar,219.0,6.77,1440,19.1,25.51,0
Maharashtra,Nashik,Trimbakeshwar,243.1,20.83,5283,5.8,14.59,1
Maharashtra,Pune,Shirur,223.8,5.12,1015,8.9,9.05,0
Maharashtra,Aurangabad,Soegaon,217.5,9.06,1739,19.4,35.95,0
Maharashtra,Nanded,Kinwat,247.5,34.47,8247,5.9,19.62,1
Maharashtra,Aurangabad,Gangapur,222.4,8.25,1768,19.7,32.17,0
Maharashtra,Jalgaon,Muktainagar,222.0,4.14,888,20.0,18.43,0
Maharashtra,Aurangabad,Paithan,217.7,4.31,852,16.9,14.13,0
Maharashtra,Solapur,Malshiras,223.1,16.35,4028,0.8,0.78,1
Maharashtra,Solapur,Pandharpur,221.0,4.0,827,11.5,9.13,0
Maharashtra,Thane,Bhiwandi,197.4,26.29,3309,1.6,1.35,1
Maharashtra,Nagpur,Katol,224.4,9.78,1962,19.1,38.6,0
Maharashtra,Nashik,Yeola,229.0,22.91,4545,10.8,9.68,1
Maharashtra,Solapur,Pandharpur,186.5,24.04,2987,4.2,2.66,1
Maharashtra,Nashik,Dindori,220.8,9.61,1980,20.0,36.45,0
Maharashtra,Solapur,Malshiras,217.8,5.72,1156,17.2,19.58,0
Maharashtra,Solapur,Malshiras,232.8,6.22,1260,10.8,13.67,0
Maharashtra,Solapur,Barshi,218.4,9.2,1731,19.3,34.34,0
Maharashtra,Kolhapur,Karvir,222.5,5.84,1200,23.8,26.99,0
Maharashtra,Nagpur,Kamptee,215.8,9.42,1853,21.3,41.51,0
Maharashtra,Nanded,Kinwat,233.5,6.78,1482,12.8,17.44,0
Maharashtra,Nagpur,Umred,233.7,5.04,1109,14.6,16.13,0
Maharashtra,Pune,Haveli,253.2,28.39,7332,3.4,14.04,1
Maharashtra,Aurangabad,Gangapur,216.2,9.15,1925,9.4,18.04,0
Maharashtra,Pune,Indapur,232.3,17.32,3966,1.3,1.74,1
Maharashtra,Solapur,North Solapur,216.6,4.06,791,10.4,7.76,0
Maharashtra,Amravati,Dhamangaon,226.9,5.04,1006,19.3,20.2,0
Maharashtra,Nagpur,Parseoni,219.1,5.28,1083,16.4,17.1,0
Maharashtra,Nanded,Biloli,208.0,25.09,3002,1.0,0.68,1
Maharashtra,Nashik,Sinnar,231.6,9.88,1984,21.2,40.99,0
Maharashtra,Nagpur,Parseoni,234.0,3.6,743,16.9,12.35,0
